{
  "hash": "c608a03f",
  "configHash": "00a2659f",
  "lockfileHash": "21e171db",
  "browserHash": "099fb8cb",
  "optimized": {
    "@angular/common": {
      "src": "../../../../../../node_modules/@angular/common/fesm2022/common.mjs",
      "file": "@angular_common.js",
      "fileHash": "e4f3a702",
      "needsInterop": false
    },
    "@angular/core": {
      "src": "../../../../../../node_modules/@angular/core/fesm2022/core.mjs",
      "file": "@angular_core.js",
      "fileHash": "153cd235",
      "needsInterop": false
    },
    "@angular/platform-browser": {
      "src": "../../../../../../node_modules/@angular/platform-browser/fesm2022/platform-browser.mjs",
      "file": "@angular_platform-browser.js",
      "fileHash": "9c49c2f7",
      "needsInterop": false
    },
    "@angular/router": {
      "src": "../../../../../../node_modules/@angular/router/fesm2022/router.mjs",
      "file": "@angular_router.js",
      "fileHash": "c004435c",
      "needsInterop": false
    }
  },
  "chunks": {
    "chunk-2RW2UPJV": {
      "file": "chunk-2RW2UPJV.js"
    },
    "chunk-M5EWD4I2": {
      "file": "chunk-M5EWD4I2.js"
    },
    "chunk-4EE5MXY4": {
      "file": "chunk-4EE5MXY4.js"
    }
  }
}